{
    "function": "bin.ensemble.main",
    "config": {
        "seeds": [
            5,
            6,
            7,
            8,
            9
        ]
    },
    "single_model_function": "bin.tabr.main",
    "data": ":data/malaria",
    "prediction_type": "probs",
    "metrics": {
        "train": {
            "0": {
                "precision": 0.7207207207207207,
                "recall": 0.6451612903225806,
                "f1-score": 0.6808510638297872,
                "support": 124
            },
            "1": {
                "precision": 0.6788321167883211,
                "recall": 0.75,
                "f1-score": 0.7126436781609196,
                "support": 124
            },
            "accuracy": 0.6975806451612904,
            "macro avg": {
                "precision": 0.6997764187545209,
                "recall": 0.6975806451612903,
                "f1-score": 0.6967473709953533,
                "support": 248
            },
            "weighted avg": {
                "precision": 0.6997764187545209,
                "recall": 0.6975806451612904,
                "f1-score": 0.6967473709953533,
                "support": 248
            },
            "cross-entropy": 0.6150640323775779,
            "roc-auc": 0.7951352757544226,
            "score": 0.6975806451612904
        },
        "val": {
            "0": {
                "precision": 0.59375,
                "recall": 0.59375,
                "f1-score": 0.59375,
                "support": 32
            },
            "1": {
                "precision": 0.5806451612903226,
                "recall": 0.5806451612903226,
                "f1-score": 0.5806451612903226,
                "support": 31
            },
            "accuracy": 0.5873015873015873,
            "macro avg": {
                "precision": 0.5871975806451613,
                "recall": 0.5871975806451613,
                "f1-score": 0.5871975806451613,
                "support": 63
            },
            "weighted avg": {
                "precision": 0.5873015873015873,
                "recall": 0.5873015873015873,
                "f1-score": 0.5873015873015873,
                "support": 63
            },
            "cross-entropy": 0.6824950734867156,
            "roc-auc": 0.5786290322580645,
            "score": 0.5873015873015873
        },
        "test": {
            "0": {
                "precision": 0.0,
                "recall": 0.0,
                "f1-score": 0.0,
                "support": 1
            },
            "1": {
                "precision": 0.6666666666666666,
                "recall": 1.0,
                "f1-score": 0.8,
                "support": 2
            },
            "accuracy": 0.6666666666666666,
            "macro avg": {
                "precision": 0.3333333333333333,
                "recall": 0.5,
                "f1-score": 0.4,
                "support": 3
            },
            "weighted avg": {
                "precision": 0.4444444444444444,
                "recall": 0.6666666666666666,
                "f1-score": 0.5333333333333333,
                "support": 3
            },
            "cross-entropy": 0.6420957114137715,
            "roc-auc": 0.5,
            "score": 0.6666666666666666
        }
    }
}
