{
    "function": "bin.ensemble.main",
    "gpus": [],
    "scores": {
        "train": 0.6975806451612904,
        "val": 0.5873015873015873,
        "test": 0.6666666666666666
    }
}
