{
    "n_layers": 0.36619471572949713,
    "num_samples": 0.20623486676576197,
    "steps": 0.13877580316462698,
    "d_last": 0.10685863181682162,
    "lr": 0.08725570406320948,
    "num_timesteps": 0.06130372754558053,
    "d_first": 0.024940751167614586,
    "batch_size": 0.008435799746887847
}
