{
    "function": "bin.ensemble.main",
    "config": {
        "seeds": [
            10,
            11,
            12,
            13,
            14
        ]
    },
    "single_model_function": "bin.tabr.main",
    "data": ":data/malaria",
    "prediction_type": "probs",
    "metrics": {
        "train": {
            "0": {
                "precision": 0.7142857142857143,
                "recall": 0.6854838709677419,
                "f1-score": 0.6995884773662551,
                "support": 124
            },
            "1": {
                "precision": 0.6976744186046512,
                "recall": 0.7258064516129032,
                "f1-score": 0.7114624505928854,
                "support": 124
            },
            "accuracy": 0.7056451612903226,
            "macro avg": {
                "precision": 0.7059800664451827,
                "recall": 0.7056451612903225,
                "f1-score": 0.7055254639795703,
                "support": 248
            },
            "weighted avg": {
                "precision": 0.7059800664451826,
                "recall": 0.7056451612903226,
                "f1-score": 0.7055254639795702,
                "support": 248
            },
            "cross-entropy": 0.6306848090069448,
            "roc-auc": 0.7886966701352758,
            "score": 0.7056451612903226
        },
        "val": {
            "0": {
                "precision": 0.6129032258064516,
                "recall": 0.59375,
                "f1-score": 0.6031746031746031,
                "support": 32
            },
            "1": {
                "precision": 0.59375,
                "recall": 0.6129032258064516,
                "f1-score": 0.6031746031746031,
                "support": 31
            },
            "accuracy": 0.6031746031746031,
            "macro avg": {
                "precision": 0.6033266129032258,
                "recall": 0.6033266129032258,
                "f1-score": 0.6031746031746031,
                "support": 63
            },
            "weighted avg": {
                "precision": 0.6034786226318484,
                "recall": 0.6031746031746031,
                "f1-score": 0.6031746031746031,
                "support": 63
            },
            "cross-entropy": 0.6838516078155878,
            "roc-auc": 0.5786290322580645,
            "score": 0.6031746031746031
        },
        "test": {
            "0": {
                "precision": 0.0,
                "recall": 0.0,
                "f1-score": 0.0,
                "support": 1
            },
            "1": {
                "precision": 0.6666666666666666,
                "recall": 1.0,
                "f1-score": 0.8,
                "support": 2
            },
            "accuracy": 0.6666666666666666,
            "macro avg": {
                "precision": 0.3333333333333333,
                "recall": 0.5,
                "f1-score": 0.4,
                "support": 3
            },
            "weighted avg": {
                "precision": 0.4444444444444444,
                "recall": 0.6666666666666666,
                "f1-score": 0.5333333333333333,
                "support": 3
            },
            "cross-entropy": 0.6402611115085164,
            "roc-auc": 1.0,
            "score": 0.6666666666666666
        }
    }
}
