{
    "function": "bin.ensemble.main",
    "gpus": [],
    "scores": {
        "train": 0.7056451612903226,
        "val": 0.6031746031746031,
        "test": 0.6666666666666666
    }
}
